Income,Expense,Savings,Monthly Save,Goal,Pending EMI,Pending Gold Loan,Total Liabilities,Report,Date,Time
200000,50000,100000,150000,0,203809.32335531872,0,203809.32335531872,"
Offline Report
Monthly Saving: ₹150000
Emergency Fund: ₹300000
Start SIP: ₹60000
Pending EMI: ₹203809.32335531872
Pending Gold Loan: ₹0
Total Liabilities: ₹203809.32335531872
",2026-02-28,16:10:24
10000,2000,0,8000,0,203809.32335531872,0,203809.32335531872,"
Offline Report
Monthly Saving: ₹8000
Emergency Fund: ₹12000
Start SIP: ₹3200
Pending EMI: ₹203809.32335531872
Pending Gold Loan: ₹0
Total Liabilities: ₹203809.32335531872
",2026-02-28,16:14:15
60000,30000,2000,30000,0,0.0,0,0.0,"
Offline Report
Monthly Saving: ₹30000
Emergency Fund: ₹180000
Start SIP: ₹12000
Pending EMI: ₹0
Pending Gold Loan: ₹0
Total Liabilities: ₹0
",2026-02-28,16:34:44
35000,0,0,35000,0,0.0,0,0.0,"
Offline Report
Monthly Saving: ₹35000
Emergency Fund: ₹0
Start SIP: ₹14000
Pending EMI: ₹0
Pending Gold Loan: ₹0
Total Liabilities: ₹0
",2026-02-28,17:06:15
